КодГруппы,НазваниеГруппы,Категория
0,Капитальное строительство,Капитальное строительство и бурение
55,Эксплуатационное бурение,Геологоразведка и ГИС
56,Зарезка боковых стволов (ЗБС),Геологоразведка и ГИС
57,Сопровождение бурения,Геологоразведка и ГИС
58,Сейсморазведка,Геологоразведка и ГИС
59,Геофизические исследования (ГИС),Геологоразведка и ГИС
60,Корпоративная безопасность,Услуги
61,Работа с гибкими трубами (ГНКТ),Промысловые и операционные услуги
62,Ремонт и освоение скважин,Промысловые и операционные услуги
63,Автотранспортные услуги,Услуги
64,Строительство и содержание дорог,Услуги
65,Операционные услуги добычи,Услуги
66,Химизация добычи,Услуги
67,ТО и ремонт оборудования,Услуги
68,Обслуживание энергохозяйства,Услуги
69,Промбезопасность и контроль,Услуги
70,Операторские и агентские услуги,Услуги
71,Прочие нефтепромысловые услуги,Услуги
72,Строительно-монтажные работы (СМР),Услуги
73,Проектно-изыскательские работы (ПИР),Услуги
74,EPC/EPCM контракты,Услуги
77,Землеустроительные работы,Услуги
78,Непроизводственные объекты,Услуги
79,Авторский и технадзор,Услуги
80,Финансы и консалтинг,Услуги
81,Страхование,Услуги
82,Ж/д перевозки,Услуги
83,Авиаперевозки и работы,Услуги
84,Социально-бытовые услуги,Услуги
85,АХО и административные услуги,Услуги
86,ИТ-услуги и поддержка,Услуги
87,Охрана и режим,Услуги
89,Инвестпроекты и НИОКР,Услуги
90,Поставка углеводородов,Услуги
92,Маркетинг и мероприятия,Услуги
93,Аренда и покупка имущества,Услуги
94,HR и обучение персонала,Услуги
95,Экология и охрана труда,Услуги
96,Разведочное бурение,Геологоразведка и ГИС
99,Прочие геологические услуги,Геологоразведка и ГИС
101,Энергоснабжение,Промысловые и операционные услуги
102,Прочие непроизводственные услуги,Промысловые и операционные услуги
1000,Нефть (сырая),Углеводородное сырье
1100,Нефть (добытая),Углеводородное сырье
1300,Нефть (на подготовку),Углеводородное сырье
1400,Нефть (подготовленная),Углеводородное сырье
1500,Нефть (стабилизированная),Углеводородное сырье
1600,Озокерит (сырье),Углеводородное сырье
1700,Газ природный,Углеводородное сырье
2010,Авиабензин,Топливо и масла
2020,Автобензин,Топливо и масла
2030,Бензины-растворители,Топливо и масла
2040,Бензины для химпрома,Топливо и масла
2050,Прочие бензины,Топливо и масла
2110,Реактивное топливо,Топливо и масла
2120,Керосин (осветительный),Топливо и масла
2130,Керосин и авиатопливо,Топливо и масла
2210,Дизтопливо летнее,Топливо и масла
2220,Дизтопливо зимнее,Топливо и масла
2230,Дизтопливо арктическое,Топливо и масла
2240,Дизтопливо прочее,Топливо и масла
2310,Мазут топочный,Топливо и масла
2320,Мазут металлургический,Топливо и масла
2330,Мазут флотский,Топливо и масла
2410,Моторные масла,Топливо и масла
2420,Гидравлические масла,Топливо и масла
2430,Индустриальные масла,Топливо и масла
2440,Электроизоляционные масла,Топливо и масла
2450,Трансмиссионные масла,Топливо и масла
2460,Компрессорные и турбинные масла,Топливо и масла
2470,Технологические масла,Топливо и масла
2480,Спецмасла,Топливо и масла
2510,Смазки и антифризы,Топливо и масла
2520,Уплотнительные смазки,Топливо и масла
2530,Защитные смазки,Топливо и масла
2540,Смазочные материалы,Топливо и масла
2550,Прочие смазки,Топливо и масла
2610,Дорожный битум,Топливо и масла
2620,Строительный битум,Топливо и масла
2630,Спецбитум,Топливо и масла
2640,Прочие битумы,Топливо и масла
2710,Присадки к маслам,Топливо и масла
2720,Топливные присадки,Топливо и масла
2730,Прочие присадки,Топливо и масла
2810,Прочие нефтепродукты,Топливо и масла
3010,"Твердое топливо (уголь, торф)",Металлопрокат и трубы
3020,Сырье и кокс,Металлопрокат и трубы
3030,Чугун и сталь,Металлопрокат и трубы
3040,Черный металлопрокат,Металлопрокат и трубы
3050,Котельное оборудование,Металлопрокат и трубы
3060,Промышленные металлоизделия,Металлопрокат и трубы
3070,Обсадные трубы,Металлопрокат и трубы
3080,Трубы для трубопроводов,Металлопрокат и трубы
3090,Катаные трубы,Металлопрокат и трубы
3100,Бурильные трубы,Металлопрокат и трубы
3110,Бесшовные трубы (тянутые),Металлопрокат и трубы
3120,Стальные трубы (б/ш и э/с),Металлопрокат и трубы
3130,Сварные трубы,Металлопрокат и трубы
3140,Сварные трубы большого диаметра,Металлопрокат и трубы
3150,Насосно-компрессорные трубы (НКТ),Металлопрокат и трубы
3160,Стальные трубы с АКП,Металлопрокат и трубы
3170,Прочие стальные трубы,Металлопрокат и трубы
3171,Свайные трубы,Металлопрокат и трубы
3172,Чугунные трубы,Металлопрокат и трубы
3180,Прочая металлопродукция,Металлопрокат и трубы
3190,Химреагенты (промышленные),Металлопрокат и трубы
3200,РТИ и пластиковые изделия,Металлопрокат и трубы
3210,Пожарное оборудование,Металлопрокат и трубы
3220,Химреактивы (лабораторные),Металлопрокат и трубы
3230,Нефтепромысловое оборудование,Металлопрокат и трубы
3240,Скважинное оборудование,Металлопрокат и трубы
3250,Подъемники для ремонта скважин,Металлопрокат и трубы
3260,Фонтанная арматура,Металлопрокат и трубы
3270,Штанговые насосы (ШГН),Металлопрокат и трубы
3280,Насосные штанги,Металлопрокат и трубы
3290,Установки ЭЦН,Металлопрокат и трубы
3300,Погружные насосы и запчасти,Металлопрокат и трубы
3310,Погружные электродвигатели (ПЭД),Металлопрокат и трубы
3320,Щиты управления,Металлопрокат и трубы
3330,Буровые установки,Металлопрокат и трубы
3340,Буровой инструмент (калибраторы),Металлопрокат и трубы
3350,Буровые долота и головки,Металлопрокат и трубы
3360,Оснастка обсадных колонн,Металлопрокат и трубы
3370,Пакеры,Металлопрокат и трубы
3380,Термостойкое скважинное оборудование,Металлопрокат и трубы
3390,Очистка буровых растворов,Металлопрокат и трубы
3400,Устьевое оборудование,Металлопрокат и трубы
3410,Станки-качалки,Металлопрокат и трубы
3420,Противовыбросовое оборудование (ПВО),Металлопрокат и трубы
3430,Цементировочное оборудование,Металлопрокат и трубы
3440,Запчасти для бурового оборудования,Металлопрокат и трубы
3450,Вспомогательное буровое оборудование,Металлопрокат и трубы
3460,Прочее скважинное оборудование,Металлопрокат и трубы
3470,Оборудование для ремонта скважин,Металлопрокат и трубы
3480,Трубопроводная арматура,Металлопрокат и трубы
3490,Автотранспорт,Металлопрокат и трубы
3500,Спецтехника,Металлопрокат и трубы
3510,Автозапчасти,Металлопрокат и трубы
3520,Вагон-дома и мобильные здания,Металлопрокат и трубы
3530,Крепежный и тампонажный цемент,Металлопрокат и трубы
3540,Тампонажный цемент,Металлопрокат и трубы
3550,Кабельная продукция,Металлопрокат и трубы
3560,Трансформаторы,Металлопрокат и трубы
3570,Электродвигатели,Металлопрокат и трубы
3580,Системы электроснабжения,Металлопрокат и трубы
3590,ПК и офисная техника,Металлопрокат и трубы
3600,Персональные компьютеры,Металлопрокат и трубы
3610,Прочая компьютерная техника,Металлопрокат и трубы
3620,Спец. компьютерные устройства,Металлопрокат и трубы
3630,Периферийные устройства,Металлопрокат и трубы
3640,Телеком-оборудование,Металлопрокат и трубы
3650,Инженерные станции,Металлопрокат и трубы
3660,Прочая вычислительная техника,Металлопрокат и трубы
3670,Системы документооборота,Металлопрокат и трубы
3680,Программное обеспечение (ПО),Металлопрокат и трубы
3690,Резисторы,Металлопрокат и трубы
3700,Конденсаторы,Металлопрокат и трубы
3710,Полупроводники,Металлопрокат и трубы
3720,Беспроводная связь,Металлопрокат и трубы
3730,Судовое оборудование,Металлопрокат и трубы
3740,Проводная связь,Металлопрокат и трубы
3750,Радиолокационное оборудование,Металлопрокат и трубы
3760,Навигационное оборудование,Металлопрокат и трубы
3770,Канцтовары,Металлопрокат и трубы
3780,Посуда и кухонный инвентарь,Металлопрокат и трубы
3790,Сувенирная продукция,Металлопрокат и трубы
3800,Хозтовары,Металлопрокат и трубы
3810,Сантехника,Металлопрокат и трубы
3820,Инструменты,Металлопрокат и трубы
3830,Мебель,Металлопрокат и трубы
3840,Рабочая обувь,Металлопрокат и трубы
3850,Спецодежда,Металлопрокат и трубы
3860,Прочие материалы,Металлопрокат и трубы
3861,Прочие хозматериалы,Металлопрокат и трубы
3862,Комплектующие для общепита,Металлопрокат и трубы
3863,Оборудование для общепита,Металлопрокат и трубы
3870,КИПиА,Металлопрокат и трубы
3880,Спецкабель (КПБК/КПБП),Металлопрокат и трубы
3890,Электроподстанции,Металлопрокат и трубы
3900,Изоляционные материалы,Металлопрокат и трубы
3910,Железобетонные изделия (ЖБИ),Металлопрокат и трубы
3920,Аккумуляторы (АКБ),Металлопрокат и трубы
3930,Прочее электрооборудование,Металлопрокат и трубы
3940,Нестандартизированное оборудование,Металлопрокат и трубы
3950,Автошины,Металлопрокат и трубы
3960,Средства индивидуальной защиты (СИЗ),Металлопрокат и трубы
3970,Навигация и телеметрия,Металлопрокат и трубы
3980,Тара и упаковка,Металлопрокат и трубы
3985,Проппант,Металлопрокат и трубы
3986,Кварцевый песок,Металлопрокат и трубы
3990,ГСМ и топливо,Металлопрокат и трубы
3995,Автохимия,Металлопрокат и трубы
4000,Медикаменты,"Оборудование, техника и прочее"
4010,Металлоконструкции,"Оборудование, техника и прочее"
4020,Вентиляция и кондиционирование,"Оборудование, техника и прочее"
4030,Прочее оборудование,"Оборудование, техника и прочее"
